"Country Name","Country Code","Indicator Name","Indicator Code","1960","1961","1962","1963","1964","1965","1966","1967","1968","1969","1970","1971","1972","1973","1974","1975","1976","1977","1978","1979","1980","1981","1982","1983","1984","1985","1986","1987","1988","1989","1990","1991","1992","1993","1994","1995","1996","1997","1998","1999","2000","2001","2002","2003","2004","2005","2006","2007","2008","2009","2010","2011","2012","2013","2014","2015","2016","2017","2018","2019","2020",
"Aruba","ABW","Terrestrial and marine protected areas (% of total territorial area)","ER.PTD.TOTL.ZS","","","","","","","","","","","","","","","","","","","","","","","","","","","","","","","","","","","","","","","","","","","","","","","","","","","","","","","","","0.527983104540655","0.141163456065734","0.141163456065734","","",
"Africa Eastern and Southern","AFE","Terrestrial and marine protected areas (% of total territorial area)","ER.PTD.TOTL.ZS","","","","","","","","","","","","","","","","","","","","","","","","","","","","","","","","","","","","","","","","","","","","","","","","","","","","","","","","","14.3998520701061","14.9974964198035","14.9974985657976","","",
"Afghanistan","AFG","Terrestrial and marine protected areas (% of total territorial area)","ER.PTD.TOTL.ZS","","","","","","","","","","","","","","","","","","","","","","","","","","","","","","","","","","","","","","","","","","","","","","","","","","","","","","","","","0.104707040342723","0.104707034792812","0.104707034792812","","",
"Africa Western and Central","AFW","Terrestrial and marine protected areas (% of total territorial area)","ER.PTD.TOTL.ZS","","","","","","","","","","","","","","","","","","","","","","","","","","","","","","","","","","","","","","","","","","","","","","","","","","","","","","","","","13.7867609591824","14.1984226658565","14.1984226658565","","",
"Angola","AGO","Terrestrial and marine protected areas (% of total territorial area)","ER.PTD.TOTL.ZS","","","","","","","","","","","","","","","","","","","","","","","","","","","","","","","","","","","","","","","","","","","","","","","","","","","","","","","","","5.00471334206571","5.00471082728009","5.00471082728009","","",
"Albania","ALB","Terrestrial and marine protected areas (% of total territorial area)","ER.PTD.TOTL.ZS","","","","","","","","","","","","","","","","","","","","","","","","","","","","","","","","","","","","","","","","","","","","","","","","","","","","","","","","","13.1477494617734","13.5256825491485","13.5256825491485","","",
"Andorra","AND","Terrestrial and marine protected areas (% of total territorial area)","ER.PTD.TOTL.ZS","","","","","","","","","","","","","","","","","","","","","","","","","","","","","","","","","","","","","","","","","","","","","","","","","","","","","","","","","21.1909302818394","26.7277247815139","26.7277247815139","","",
"Arab World","ARB","Terrestrial and marine protected areas (% of total territorial area)","ER.PTD.TOTL.ZS","","","","","","","","","","","","","","","","","","","","","","","","","","","","","","","","","","","","","","","","","","","","","","","","","","","","","","","","","4.28669020121149","4.59268026325962","4.59268048666113","","",
"United Arab Emirates","ARE","Terrestrial and marine protected areas (% of total territorial area)","ER.PTD.TOTL.ZS","","","","","","","","","","","","","","","","","","","","","","","","","","","","","","","","","","","","","","","","","","","","","","","","","","","","","","","","","9.23566752233697","15.0438947733197","15.0438947733197","","",
"Argentina","ARG","Terrestrial and marine protected areas (% of total territorial area)","ER.PTD.TOTL.ZS","","","","","","","","","","","","","","","","","","","","","","","","","","","","","","","","","","","","","","","","","","","","","","","","","","","","","","","","","7.52859334896618","7.40512875012761","7.40512875012761","","",
"Armenia","ARM","Terrestrial and marine protected areas (% of total territorial area)","ER.PTD.TOTL.ZS","","","","","","","","","","","","","","","","","","","","","","","","","","","","","","","","","","","","","","","","","","","","","","","","","","","","","","","","","23.1090030789546","23.1105028060216","23.1105028060216","","",
"American Samoa","ASM","Terrestrial and marine protected areas (% of total territorial area)","ER.PTD.TOTL.ZS","","","","","","","","","","","","","","","","","","","","","","","","","","","","","","","","","","","","","","","","","","","","","","","","","","","","","","","","","8.70852175263238","8.71956554004454","8.71956554004454","","",
"Antigua and Barbuda","ATG","Terrestrial and marine protected areas (% of total territorial area)","ER.PTD.TOTL.ZS","","","","","","","","","","","","","","","","","","","","","","","","","","","","","","","","","","","","","","","","","","","","","","","","","","","","","","","","","0.271690243750207","0.258339766209328","0.258339766209328","","",
"Australia","AUS","Terrestrial and marine protected areas (% of total territorial area)","ER.PTD.TOTL.ZS","","","","","","","","","","","","","","","","","","","","","","","","","","","","","","","","","","","","","","","","","","","","","","","","","","","","","","","","","28.5918417236676","29.7087937305528","29.7087937305528","","",
"Austria","AUT","Terrestrial and marine protected areas (% of total territorial area)","ER.PTD.TOTL.ZS","","","","","","","","","","","","","","","","","","","","","","","","","","","","","","","","","","","","","","","","","","","","","","","","","","","","","","","","","28.4439825865815","28.3979816556051","28.3979816556051","","",
"Azerbaijan","AZE","Terrestrial and marine protected areas (% of total territorial area)","ER.PTD.TOTL.ZS","","","","","","","","","","","","","","","","","","","","","","","","","","","","","","","","","","","","","","","","","","","","","","","","","","","","","","","","","5.51874580872895","5.51915683577014","5.51915683577014","","",
"Burundi","BDI","Terrestrial and marine protected areas (% of total territorial area)","ER.PTD.TOTL.ZS","","","","","","","","","","","","","","","","","","","","","","","","","","","","","","","","","","","","","","","","","","","","","","","","","","","","","","","","","7.59254563428626","7.59147170587878","7.59147170587878","","",
"Belgium","BEL","Terrestrial and marine protected areas (% of total territorial area)","ER.PTD.TOTL.ZS","","","","","","","","","","","","","","","","","","","","","","","","","","","","","","","","","","","","","","","","","","","","","","","","","","","","","","","","","24.5781622457406","24.6491730272904","24.6491730272904","","",
"Benin","BEN","Terrestrial and marine protected areas (% of total territorial area)","ER.PTD.TOTL.ZS","","","","","","","","","","","","","","","","","","","","","","","","","","","","","","","","","","","","","","","","","","","","","","","","","","","","","","","","","28.8719449693959","23.4719085609043","23.4719085609043","","",
"Burkina Faso","BFA","Terrestrial and marine protected areas (% of total territorial area)","ER.PTD.TOTL.ZS","","","","","","","","","","","","","","","","","","","","","","","","","","","","","","","","","","","","","","","","","","","","","","","","","","","","","","","","","15.084819776291","14.9228805539331","14.9228805539331","","",
"Bangladesh","BGD","Terrestrial and marine protected areas (% of total territorial area)","ER.PTD.TOTL.ZS","","","","","","","","","","","","","","","","","","","","","","","","","","","","","","","","","","","","","","","","","","","","","","","","","","","","","","","","","4.88867647961894","4.88864858128713","4.88864858128713","","",
"Bulgaria","BGR","Terrestrial and marine protected areas (% of total territorial area)","ER.PTD.TOTL.ZS","","","","","","","","","","","","","","","","","","","","","","","","","","","","","","","","","","","","","","","","","","","","","","","","","","","","","","","","","28.2871319536603","28.2969904804196","28.2969904804196","","",
"Bahrain","BHR","Terrestrial and marine protected areas (% of total territorial area)","ER.PTD.TOTL.ZS","","","","","","","","","","","","","","","","","","","","","","","","","","","","","","","","","","","","","","","","","","","","","","","","","","","","","","","","","1.69477264805221","1.68635200570205","1.68635200570205","","",
"Bahamas, The","BHS","Terrestrial and marine protected areas (% of total territorial area)","ER.PTD.TOTL.ZS","","","","","","","","","","","","","","","","","","","","","","","","","","","","","","","","","","","","","","","","","","","","","","","","","","","","","","","","","1.24025812422249","8.55510641678468","8.55510641678468","","",
"Bosnia and Herzegovina","BIH","Terrestrial and marine protected areas (% of total territorial area)","ER.PTD.TOTL.ZS","","","","","","","","","","","","","","","","","","","","","","","","","","","","","","","","","","","","","","","","","","","","","","","","","","","","","","","","","1.45241014188329","1.39514750796966","1.39514750796966","","",
"Belarus","BLR","Terrestrial and marine protected areas (% of total territorial area)","ER.PTD.TOTL.ZS","","","","","","","","","","","","","","","","","","","","","","","","","","","","","","","","","","","","","","","","","","","","","","","","","","","","","","","","","9.51125836698787","9.35349335261767","9.35349335261767","","",
"Belize","BLZ","Terrestrial and marine protected areas (% of total territorial area)","ER.PTD.TOTL.ZS","","","","","","","","","","","","","","","","","","","","","","","","","","","","","","","","","","","","","","","","","","","","","","","","","","","","","","","","","20.5917919778095","20.5904509930421","20.5904509930421","","",
"Bermuda","BMU","Terrestrial and marine protected areas (% of total territorial area)","ER.PTD.TOTL.ZS","","","","","","","","","","","","","","","","","","","","","","","","","","","","","","","","","","","","","","","","","","","","","","","","","","","","","","","","","0.0338708242033383","0.000390137013900296","0.000390137013900296","","",
"Bolivia","BOL","Terrestrial and marine protected areas (% of total territorial area)","ER.PTD.TOTL.ZS","","","","","","","","","","","","","","","","","","","","","","","","","","","","","","","","","","","","","","","","","","","","","","","","","","","","","","","","","30.8655154573011","30.8654914952935","30.8654914952935","","",
"Brazil","BRA","Terrestrial and marine protected areas (% of total territorial area)","ER.PTD.TOTL.ZS","","","","","","","","","","","","","","","","","","","","","","","","","","","","","","","","","","","","","","","","","","","","","","","","","","","","","","","","","20.7372842292403","28.5782526119273","28.5782526119273","","",
"Barbados","BRB","Terrestrial and marine protected areas (% of total territorial area)","ER.PTD.TOTL.ZS","","","","","","","","","","","","","","","","","","","","","","","","","","","","","","","","","","","","","","","","","","","","","","","","","","","","","","","","","0.00916620431253737","0.00887361505544849","0.00887361505544849","","",
"Brunei Darussalam","BRN","Terrestrial and marine protected areas (% of total territorial area)","ER.PTD.TOTL.ZS","","","","","","","","","","","","","","","","","","","","","","","","","","","","","","","","","","","","","","","","","","","","","","","","","","","","","","","","","8.98923250400346","8.98950185960816","8.98950185960816","","",
"Bhutan","BTN","Terrestrial and marine protected areas (% of total territorial area)","ER.PTD.TOTL.ZS","","","","","","","","","","","","","","","","","","","","","","","","","","","","","","","","","","","","","","","","","","","","","","","","","","","","","","","","","48.0073121564601","48.0078510451912","48.0078510451912","","",
"Botswana","BWA","Terrestrial and marine protected areas (% of total territorial area)","ER.PTD.TOTL.ZS","","","","","","","","","","","","","","","","","","","","","","","","","","","","","","","","","","","","","","","","","","","","","","","","","","","","","","","","","29.1432918377963","29.1432374214094","29.1432374214094","","",
"Central African Republic","CAF","Terrestrial and marine protected areas (% of total territorial area)","ER.PTD.TOTL.ZS","","","","","","","","","","","","","","","","","","","","","","","","","","","","","","","","","","","","","","","","","","","","","","","","","","","","","","","","","18.0648063941797","18.0648242198926","18.0648242198926","","",
"Canada","CAN","Terrestrial and marine protected areas (% of total territorial area)","ER.PTD.TOTL.ZS","","","","","","","","","","","","","","","","","","","","","","","","","","","","","","","","","","","","","","","","","","","","","","","","","","","","","","","","","6.47711948156826","6.47719362274678","6.47719362274678","","",
"Central Europe and the Baltics","CEB","Terrestrial and marine protected areas (% of total territorial area)","ER.PTD.TOTL.ZS","","","","","","","","","","","","","","","","","","","","","","","","","","","","","","","","","","","","","","","","","","","","","","","","","","","","","","","","","27.7756360517235","28.2085704855179","28.2086310396628","","",
"Switzerland","CHE","Terrestrial and marine protected areas (% of total territorial area)","ER.PTD.TOTL.ZS","","","","","","","","","","","","","","","","","","","","","","","","","","","","","","","","","","","","","","","","","","","","","","","","","","","","","","","","","9.65051637879546","9.66518426119507","9.66518426119507","","",
"Channel Islands","CHI","Terrestrial and marine protected areas (% of total territorial area)","ER.PTD.TOTL.ZS","","","","","","","","","","","","","","","","","","","","","","","","","","","","","","","","","","","","","","","","","","","","","","","","","","","","","","","","","","","","","",
"Chile","CHL","Terrestrial and marine protected areas (% of total territorial area)","ER.PTD.TOTL.ZS","","","","","","","","","","","","","","","","","","","","","","","","","","","","","","","","","","","","","","","","","","","","","","","","","","","","","","","","","13.5939050071834","27.0392385768099","27.0392385768099","","",
"China","CHN","Terrestrial and marine protected areas (% of total territorial area)","ER.PTD.TOTL.ZS","","","","","","","","","","","","","","","","","","","","","","","","","","","","","","","","","","","","","","","","","","","","","","","","","","","","","","","","","15.9392803086493","14.5876416474392","14.5876416474392","","",
"Cote d'Ivoire","CIV","Terrestrial and marine protected areas (% of total territorial area)","ER.PTD.TOTL.ZS","","","","","","","","","","","","","","","","","","","","","","","","","","","","","","","","","","","","","","","","","","","","","","","","","","","","","","","","","14.8914750759545","14.8915471093909","14.8915471093909","","",
"Cameroon","CMR","Terrestrial and marine protected areas (% of total territorial area)","ER.PTD.TOTL.ZS","","","","","","","","","","","","","","","","","","","","","","","","","","","","","","","","","","","","","","","","","","","","","","","","","","","","","","","","","10.3820772995156","10.3821451142253","10.3821451142253","","",
"Congo, Dem. Rep.","COD","Terrestrial and marine protected areas (% of total territorial area)","ER.PTD.TOTL.ZS","","","","","","","","","","","","","","","","","","","","","","","","","","","","","","","","","","","","","","","","","","","","","","","","","","","","","","","","","12.6343110542534","13.7567562191358","13.7567562191358","","",
"Congo, Rep.","COG","Terrestrial and marine protected areas (% of total territorial area)","ER.PTD.TOTL.ZS","","","","","","","","","","","","","","","","","","","","","","","","","","","","","","","","","","","","","","","","","","","","","","","","","","","","","","","","","36.7093039291158","36.8382795180106","36.8382795180106","","",
"Colombia","COL","Terrestrial and marine protected areas (% of total territorial area)","ER.PTD.TOTL.ZS","","","","","","","","","","","","","","","","","","","","","","","","","","","","","","","","","","","","","","","","","","","","","","","","","","","","","","","","","9.44644364805646","15.6885212658182","15.6885212658182","","",
"Comoros","COM","Terrestrial and marine protected areas (% of total territorial area)","ER.PTD.TOTL.ZS","","","","","","","","","","","","","","","","","","","","","","","","","","","","","","","","","","","","","","","","","","","","","","","","","","","","","","","","","0.126191492899187","0.125684891164512","0.125684891164512","","",
"Cabo Verde","CPV","Terrestrial and marine protected areas (% of total territorial area)","ER.PTD.TOTL.ZS","","","","","","","","","","","","","","","","","","","","","","","","","","","","","","","","","","","","","","","","","","","","","","","","","","","","","","","","","2.60303687635575","0.0155917052278871","0.0155917052278871","","",
"Costa Rica","CRI","Terrestrial and marine protected areas (% of total territorial area)","ER.PTD.TOTL.ZS","","","","","","","","","","","","","","","","","","","","","","","","","","","","","","","","","","","","","","","","","","","","","","","","","","","","","","","","","3.03546193741007","3.03538959317313","3.03538959317313","","",
"Caribbean small states","CSS","Terrestrial and marine protected areas (% of total territorial area)","ER.PTD.TOTL.ZS","","","","","","","","","","","","","","","","","","","","","","","","","","","","","","","","","","","","","","","","","","","","","","","","","","","","","","","","","7.00660560709177","7.24006645908859","7.24006645908859","","",
"Cuba","CUB","Terrestrial and marine protected areas (% of total territorial area)","ER.PTD.TOTL.ZS","","","","","","","","","","","","","","","","","","","","","","","","","","","","","","","","","","","","","","","","","","","","","","","","","","","","","","","","","7.18434684613918","7.18462280816919","7.18462280816919","","",
"Curacao","CUW","Terrestrial and marine protected areas (% of total territorial area)","ER.PTD.TOTL.ZS","","","","","","","","","","","","","","","","","","","","","","","","","","","","","","","","","","","","","","","","","","","","","","","","","","","","","","","","","0.258181114051507","0.258715834177835","0.258715834177835","","",
"Cayman Islands","CYM","Terrestrial and marine protected areas (% of total territorial area)","ER.PTD.TOTL.ZS","","","","","","","","","","","","","","","","","","","","","","","","","","","","","","","","","","","","","","","","","","","","","","","","","","","","","","","","","0.103424001708164","0.1034531661285","0.1034531661285","","",
"Cyprus","CYP","Terrestrial and marine protected areas (% of total territorial area)","ER.PTD.TOTL.ZS","","","","","","","","","","","","","","","","","","","","","","","","","","","","","","","","","","","","","","","","","","","","","","","","","","","","","","","","","1.68711670729969","1.68708521970488","1.68708521970488","","",
"Czech Republic","CZE","Terrestrial and marine protected areas (% of total territorial area)","ER.PTD.TOTL.ZS","","","","","","","","","","","","","","","","","","","","","","","","","","","","","","","","","","","","","","","","","","","","","","","","","","","","","","","","","21.6859243630073","22.1556760039807","22.1556760039807","","",
"Germany","DEU","Terrestrial and marine protected areas (% of total territorial area)","ER.PTD.TOTL.ZS","","","","","","","","","","","","","","","","","","","","","","","","","","","","","","","","","","","","","","","","","","","","","","","","","","","","","","","","","38.7268950286066","38.7874034693079","38.7874034693079","","",
"Djibouti","DJI","Terrestrial and marine protected areas (% of total territorial area)","ER.PTD.TOTL.ZS","","","","","","","","","","","","","","","","","","","","","","","","","","","","","","","","","","","","","","","","","","","","","","","","","","","","","","","","","1.32295288625376","1.23209428640264","1.23209428640264","","",
"Dominica","DMA","Terrestrial and marine protected areas (% of total territorial area)","ER.PTD.TOTL.ZS","","","","","","","","","","","","","","","","","","","","","","","","","","","","","","","","","","","","","","","","","","","","","","","","","","","","","","","","","0.586134695785929","0.673332200010968","0.673332200010968","","",
"Denmark","DNK","Terrestrial and marine protected areas (% of total territorial area)","ER.PTD.TOTL.ZS","","","","","","","","","","","","","","","","","","","","","","","","","","","","","","","","","","","","","","","","","","","","","","","","","","","","","","","","","17.7570683242766","17.9276418331277","17.9276418331277","","",
"Dominican Republic","DOM","Terrestrial and marine protected areas (% of total territorial area)","ER.PTD.TOTL.ZS","","","","","","","","","","","","","","","","","","","","","","","","","","","","","","","","","","","","","","","","","","","","","","","","","","","","","","","","","11.2019393392716","19.2157370412977","19.2157370412977","","",
"Algeria","DZA","Terrestrial and marine protected areas (% of total territorial area)","ER.PTD.TOTL.ZS","","","","","","","","","","","","","","","","","","","","","","","","","","","","","","","","","","","","","","","","","","","","","","","","","","","","","","","","","7.10549985987089","7.10549311732352","7.10549311732352","","",
"East Asia & Pacific (excluding high income)","EAP","Terrestrial and marine protected areas (% of total territorial area)","ER.PTD.TOTL.ZS","","","","","","","","","","","","","","","","","","","","","","","","","","","","","","","","","","","","","","","","","","","","","","","","","","","","","","","","","13.0115528488676","12.2918766939633","12.2918588203399","","",
"Early-demographic dividend","EAR","Terrestrial and marine protected areas (% of total territorial area)","ER.PTD.TOTL.ZS","","","","","","","","","","","","","","","","","","","","","","","","","","","","","","","","","","","","","","","","","","","","","","","","","","","","","","","","","9.57606809945533","10.4179276688675","10.4179836793806","","",
"East Asia & Pacific","EAS","Terrestrial and marine protected areas (% of total territorial area)","ER.PTD.TOTL.ZS","","","","","","","","","","","","","","","","","","","","","","","","","","","","","","","","","","","","","","","","","","","","","","","","","","","","","","","","","17.8940044344659","17.8907570952688","17.8907285418302","","",
"Europe & Central Asia (excluding high income)","ECA","Terrestrial and marine protected areas (% of total territorial area)","ER.PTD.TOTL.ZS","","","","","","","","","","","","","","","","","","","","","","","","","","","","","","","","","","","","","","","","","","","","","","","","","","","","","","","","","6.91700530838565","6.94521858524192","6.94521858524192","","",
"Europe & Central Asia","ECS","Terrestrial and marine protected areas (% of total territorial area)","ER.PTD.TOTL.ZS","","","","","","","","","","","","","","","","","","","","","","","","","","","","","","","","","","","","","","","","","","","","","","","","","","","","","","","","","9.12424738282173","9.41619641315698","9.41631028928063","","",
"Ecuador","ECU","Terrestrial and marine protected areas (% of total territorial area)","ER.PTD.TOTL.ZS","","","","","","","","","","","","","","","","","","","","","","","","","","","","","","","","","","","","","","","","","","","","","","","","","","","","","","","","","14.3964327518509","14.955139706334","14.955139706334","","",
"Egypt, Arab Rep.","EGY","Terrestrial and marine protected areas (% of total territorial area)","ER.PTD.TOTL.ZS","","","","","","","","","","","","","","","","","","","","","","","","","","","","","","","","","","","","","","","","","","","","","","","","","","","","","","","","","11.551153494537","11.5507970192091","11.5507970192091","","",
"Euro area","EMU","Terrestrial and marine protected areas (% of total territorial area)","ER.PTD.TOTL.ZS","","","","","","","","","","","","","","","","","","","","","","","","","","","","","","","","","","","","","","","","","","","","","","","","","","","","","","","","","20.6658852886345","22.4964896003137","22.4940154115817","","",
"Eritrea","ERI","Terrestrial and marine protected areas (% of total territorial area)","ER.PTD.TOTL.ZS","","","","","","","","","","","","","","","","","","","","","","","","","","","","","","","","","","","","","","","","","","","","","","","","","","","","","","","","","4.8721871655296","2.95834092932792","2.95834092932792","","",
"Spain","ESP","Terrestrial and marine protected areas (% of total territorial area)","ER.PTD.TOTL.ZS","","","","","","","","","","","","","","","","","","","","","","","","","","","","","","","","","","","","","","","","","","","","","","","","","","","","","","","","","15.1956326397025","14.9740098076054","14.9740098076054","","",
"Estonia","EST","Terrestrial and marine protected areas (% of total territorial area)","ER.PTD.TOTL.ZS","","","","","","","","","","","","","","","","","","","","","","","","","","","","","","","","","","","","","","","","","","","","","","","","","","","","","","","","","19.4868332703463","19.508099047707","19.508099047707","","",
"Ethiopia","ETH","Terrestrial and marine protected areas (% of total territorial area)","ER.PTD.TOTL.ZS","","","","","","","","","","","","","","","","","","","","","","","","","","","","","","","","","","","","","","","","","","","","","","","","","","","","","","","","","18.4749520269516","18.4749603066502","18.4749603066502","","",
"European Union","EUU","Terrestrial and marine protected areas (% of total territorial area)","ER.PTD.TOTL.ZS","","","","","","","","","","","","","","","","","","","","","","","","","","","","","","","","","","","","","","","","","","","","","","","","","","","","","","","","","21.5358157666019","23.0853450939619","23.0836373477254","","",
"Fragile and conflict affected situations","FCS","Terrestrial and marine protected areas (% of total territorial area)","ER.PTD.TOTL.ZS","","","","","","","","","","","","","","","","","","","","","","","","","","","","","","","","","","","","","","","","","","","","","","","","","","","","","","","","","11.3855125758316","11.8703888286913","11.870390695333","","",
"Finland","FIN","Terrestrial and marine protected areas (% of total territorial area)","ER.PTD.TOTL.ZS","","","","","","","","","","","","","","","","","","","","","","","","","","","","","","","","","","","","","","","","","","","","","","","","","","","","","","","","","14.2109185358442","14.1603139347862","14.1603139347862","","",
"Fiji","FJI","Terrestrial and marine protected areas (% of total territorial area)","ER.PTD.TOTL.ZS","","","","","","","","","","","","","","","","","","","","","","","","","","","","","","","","","","","","","","","","","","","","","","","","","","","","","","","","","0.989795911368608","0.990369350346329","0.990369350346329","","",
"France","FRA","Terrestrial and marine protected areas (% of total territorial area)","ER.PTD.TOTL.ZS","","","","","","","","","","","","","","","","","","","","","","","","","","","","","","","","","","","","","","","","","","","","","","","","","","","","","","","","","26.0807183526812","33.2074996806332","33.2074996806332","","",
"Faroe Islands","FRO","Terrestrial and marine protected areas (% of total territorial area)","ER.PTD.TOTL.ZS","","","","","","","","","","","","","","","","","","","","","","","","","","","","","","","","","","","","","","","","","","","","","","","","","","","","","","","","","0.0234924730862025","0.0233716786944293","0.0233716786944293","","",
"Micronesia, Fed. Sts.","FSM","Terrestrial and marine protected areas (% of total territorial area)","ER.PTD.TOTL.ZS","","","","","","","","","","","","","","","","","","","","","","","","","","","","","","","","","","","","","","","","","","","","","","","","","","","","","","","","","0.0187205363154838","0.0157814365656374","0.0157814365656374","","",
"Gabon","GAB","Terrestrial and marine protected areas (% of total territorial area)","ER.PTD.TOTL.ZS","","","","","","","","","","","","","","","","","","","","","","","","","","","","","","","","","","","","","","","","","","","","","","","","","","","","","","","","","12.0754505026703","25.1293640958956","25.1293640958956","","",
"United Kingdom","GBR","Terrestrial and marine protected areas (% of total territorial area)","ER.PTD.TOTL.ZS","","","","","","","","","","","","","","","","","","","","","","","","","","","","","","","","","","","","","","","","","","","","","","","","","","","","","","","","","22.2620645199521","28.8252338951318","28.8252338951318","","",
"Georgia","GEO","Terrestrial and marine protected areas (% of total territorial area)","ER.PTD.TOTL.ZS","","","","","","","","","","","","","","","","","","","","","","","","","","","","","","","","","","","","","","","","","","","","","","","","","","","","","","","","","6.44104820465337","6.44294931342771","6.44294931342771","","",
"Ghana","GHA","Terrestrial and marine protected areas (% of total territorial area)","ER.PTD.TOTL.ZS","","","","","","","","","","","","","","","","","","","","","","","","","","","","","","","","","","","","","","","","","","","","","","","","","","","","","","","","","7.79423860912041","7.79471942096576","7.79471942096576","","",
"Gibraltar","GIB","Terrestrial and marine protected areas (% of total territorial area)","ER.PTD.TOTL.ZS","","","","","","","","","","","","","","","","","","","","","","","","","","","","","","","","","","","","","","","","","","","","","","","","","","","","","","","","","13.1275909719024","13.1593352299108","13.1593352299108","","",
"Guinea","GIN","Terrestrial and marine protected areas (% of total territorial area)","ER.PTD.TOTL.ZS","","","","","","","","","","","","","","","","","","","","","","","","","","","","","","","","","","","","","","","","","","","","","","","","","","","","","","","","","21.3673260076547","24.7992849458716","24.7992849458716","","",
"Gambia, The","GMB","Terrestrial and marine protected areas (% of total territorial area)","ER.PTD.TOTL.ZS","","","","","","","","","","","","","","","","","","","","","","","","","","","","","","","","","","","","","","","","","","","","","","","","","","","","","","","","","1.36702543622438","1.36615407157188","1.36615407157188","","",
"Guinea-Bissau","GNB","Terrestrial and marine protected areas (% of total territorial area)","ER.PTD.TOTL.ZS","","","","","","","","","","","","","","","","","","","","","","","","","","","","","","","","","","","","","","","","","","","","","","","","","","","","","","","","","11.6202197089003","11.6199334552951","11.6199334552951","","",
"Equatorial Guinea","GNQ","Terrestrial and marine protected areas (% of total territorial area)","ER.PTD.TOTL.ZS","","","","","","","","","","","","","","","","","","","","","","","","","","","","","","","","","","","","","","","","","","","","","","","","","","","","","","","","","1.76532601049951","1.76531204067703","1.76531204067703","","",
"Greece","GRC","Terrestrial and marine protected areas (% of total territorial area)","ER.PTD.TOTL.ZS","","","","","","","","","","","","","","","","","","","","","","","","","","","","","","","","","","","","","","","","","","","","","","","","","","","","","","","","","8.56334528515359","11.0283505287585","11.0283505287585","","",
"Grenada","GRD","Terrestrial and marine protected areas (% of total territorial area)","ER.PTD.TOTL.ZS","","","","","","","","","","","","","","","","","","","","","","","","","","","","","","","","","","","","","","","","","","","","","","","","","","","","","","","","","0.172574854343071","0.222068705409949","0.222068705409949","","",
"Greenland","GRL","Terrestrial and marine protected areas (% of total territorial area)","ER.PTD.TOTL.ZS","","","","","","","","","","","","","","","","","","","","","","","","","","","","","","","","","","","","","","","","","","","","","","","","","","","","","","","","","22.3599788850636","22.3782828633614","22.3782828633614","","",
"Guatemala","GTM","Terrestrial and marine protected areas (% of total territorial area)","ER.PTD.TOTL.ZS","","","","","","","","","","","","","","","","","","","","","","","","","","","","","","","","","","","","","","","","","","","","","","","","","","","","","","","","","15.7067397650122","10.121112637184","10.121112637184","","",
"Guam","GUM","Terrestrial and marine protected areas (% of total territorial area)","ER.PTD.TOTL.ZS","","","","","","","","","","","","","","","","","","","","","","","","","","","","","","","","","","","","","","","","","","","","","","","","","","","","","","","","","0.0694251938612372","0.071134098908744","0.071134098908744","","",
"Guyana","GUY","Terrestrial and marine protected areas (% of total territorial area)","ER.PTD.TOTL.ZS","","","","","","","","","","","","","","","","","","","","","","","","","","","","","","","","","","","","","","","","","","","","","","","","","","","","","","","","","5.30607683828947","5.30607734786502","5.30607734786502","","",
"High income","HIC","Terrestrial and marine protected areas (% of total territorial area)","ER.PTD.TOTL.ZS","","","","","","","","","","","","","","","","","","","","","","","","","","","","","","","","","","","","","","","","","","","","","","","","","","","","","","","","","18.2318200154396","19.0771259084426","19.0770094096003","","",
"Hong Kong SAR, China","HKG","Terrestrial and marine protected areas (% of total territorial area)","ER.PTD.TOTL.ZS","","","","","","","","","","","","","","","","","","","","","","","","","","","","","","","","","","","","","","","","","","","","","","","","","","","","","","","","","41.9047619047619","48.9255047485728","48.9255047485728","","",
"Honduras","HND","Terrestrial and marine protected areas (% of total territorial area)","ER.PTD.TOTL.ZS","","","","","","","","","","","","","","","","","","","","","","","","","","","","","","","","","","","","","","","","","","","","","","","","","","","","","","","","","12.4289336910491","10.8637009278591","10.8637009278591","","",
"Heavily indebted poor countries (HIPC)","HPC","Terrestrial and marine protected areas (% of total territorial area)","ER.PTD.TOTL.ZS","","","","","","","","","","","","","","","","","","","","","","","","","","","","","","","","","","","","","","","","","","","","","","","","","","","","","","","","","14.3531295352364","14.9835817007506","14.9835833365067","","",
"Croatia","HRV","Terrestrial and marine protected areas (% of total territorial area)","ER.PTD.TOTL.ZS","","","","","","","","","","","","","","","","","","","","","","","","","","","","","","","","","","","","","","","","","","","","","","","","","","","","","","","","","23.5064099082696","23.5817265852557","23.5817265852557","","",
"Haiti","HTI","Terrestrial and marine protected areas (% of total territorial area)","ER.PTD.TOTL.ZS","","","","","","","","","","","","","","","","","","","","","","","","","","","","","","","","","","","","","","","","","","","","","","","","","","","","","","","","","0.270169622711773","0.353092294045252","0.353092294045252","","",
"Hungary","HUN","Terrestrial and marine protected areas (% of total territorial area)","ER.PTD.TOTL.ZS","","","","","","","","","","","","","","","","","","","","","","","","","","","","","","","","","","","","","","","","","","","","","","","","","","","","","","","","","22.6019271546287","22.5975581595624","22.5975581595624","","",
"IBRD only","IBD","Terrestrial and marine protected areas (% of total territorial area)","ER.PTD.TOTL.ZS","","","","","","","","","","","","","","","","","","","","","","","","","","","","","","","","","","","","","","","","","","","","","","","","","","","","","","","","","11.2982169375052","12.6637030209655","12.6637018735805","","",
"IDA & IBRD total","IBT","Terrestrial and marine protected areas (% of total territorial area)","ER.PTD.TOTL.ZS","","","","","","","","","","","","","","","","","","","","","","","","","","","","","","","","","","","","","","","","","","","","","","","","","","","","","","","","","11.6013062004888","12.7287787814943","12.7288093971378","","",
"IDA total","IDA","Terrestrial and marine protected areas (% of total territorial area)","ER.PTD.TOTL.ZS","","","","","","","","","","","","","","","","","","","","","","","","","","","","","","","","","","","","","","","","","","","","","","","","","","","","","","","","","12.4680033441921","12.9196378414625","12.9197648898215","","",
"IDA blend","IDB","Terrestrial and marine protected areas (% of total territorial area)","ER.PTD.TOTL.ZS","","","","","","","","","","","","","","","","","","","","","","","","","","","","","","","","","","","","","","","","","","","","","","","","","","","","","","","","","12.2571507372562","12.2647625219724","12.2647625219724","","",
"Indonesia","IDN","Terrestrial and marine protected areas (% of total territorial area)","ER.PTD.TOTL.ZS","","","","","","","","","","","","","","","","","","","","","","","","","","","","","","","","","","","","","","","","","","","","","","","","","","","","","","","","","5.06335901930066","5.26823344567267","5.26823344567267","","",
"IDA only","IDX","Terrestrial and marine protected areas (% of total territorial area)","ER.PTD.TOTL.ZS","","","","","","","","","","","","","","","","","","","","","","","","","","","","","","","","","","","","","","","","","","","","","","","","","","","","","","","","","12.5126216604593","13.0625368526413","13.0626944861431","","",
"Isle of Man","IMN","Terrestrial and marine protected areas (% of total territorial area)","ER.PTD.TOTL.ZS","","","","","","","","","","","","","","","","","","","","","","","","","","","","","","","","","","","","","","","","","","","","","","","","","","","","","","","","","4.29405702507729","4.22910719476977","4.22910719476977","","",
"India","IND","Terrestrial and marine protected areas (% of total territorial area)","ER.PTD.TOTL.ZS","","","","","","","","","","","","","","","","","","","","","","","","","","","","","","","","","","","","","","","","","","","","","","","","","","","","","","","","","3.47930598498439","3.47930689489956","3.47930689489956","","",
"Not classified","INX","Terrestrial and marine protected areas (% of total territorial area)","ER.PTD.TOTL.ZS","","","","","","","","","","","","","","","","","","","","","","","","","","","","","","","","","","","","","","","","","","","","","","","","","","","","","","","","","","","","","",
"Ireland","IRL","Terrestrial and marine protected areas (% of total territorial area)","ER.PTD.TOTL.ZS","","","","","","","","","","","","","","","","","","","","","","","","","","","","","","","","","","","","","","","","","","","","","","","","","","","","","","","","","4.04293371670989","4.04223100626643","4.04223100626643","","",
"Iran, Islamic Rep.","IRN","Terrestrial and marine protected areas (% of total territorial area)","ER.PTD.TOTL.ZS","","","","","","","","","","","","","","","","","","","","","","","","","","","","","","","","","","","","","","","","","","","","","","","","","","","","","","","","","7.66655342395126","7.6665206734854","7.6665206734854","","",
"Iraq","IRQ","Terrestrial and marine protected areas (% of total territorial area)","ER.PTD.TOTL.ZS","","","","","","","","","","","","","","","","","","","","","","","","","","","","","","","","","","","","","","","","","","","","","","","","","","","","","","","","","1.54077890873295","1.53132758698647","1.53132758698647","","",
"Iceland","ISL","Terrestrial and marine protected areas (% of total territorial area)","ER.PTD.TOTL.ZS","","","","","","","","","","","","","","","","","","","","","","","","","","","","","","","","","","","","","","","","","","","","","","","","","","","","","","","","","2.42174669591443","2.50646684968118","2.50646684968118","","",
"Israel","ISR","Terrestrial and marine protected areas (% of total territorial area)","ER.PTD.TOTL.ZS","","","","","","","","","","","","","","","","","","","","","","","","","","","","","","","","","","","","","","","","","","","","","","","","","","","","","","","","","8.58173027677053","8.58271221861595","8.58271221861595","","",
"Italy","ITA","Terrestrial and marine protected areas (% of total territorial area)","ER.PTD.TOTL.ZS","","","","","","","","","","","","","","","","","","","","","","","","","","","","","","","","","","","","","","","","","","","","","","","","","","","","","","","","","13.3464442429884","13.3653061047713","13.3653061047713","","",
"Jamaica","JAM","Terrestrial and marine protected areas (% of total territorial area)","ER.PTD.TOTL.ZS","","","","","","","","","","","","","","","","","","","","","","","","","","","","","","","","","","","","","","","","","","","","","","","","","","","","","","","","","1.40556650931052","1.40564285524534","1.40564285524534","","",
"Jordan","JOR","Terrestrial and marine protected areas (% of total territorial area)","ER.PTD.TOTL.ZS","","","","","","","","","","","","","","","","","","","","","","","","","","","","","","","","","","","","","","","","","","","","","","","","","","","","","","","","","1.76535777731989","1.80598714296253","1.80598714296253","","",
"Japan","JPN","Terrestrial and marine protected areas (% of total territorial area)","ER.PTD.TOTL.ZS","","","","","","","","","","","","","","","","","","","","","","","","","","","","","","","","","","","","","","","","","","","","","","","","","","","","","","","","","2.09183621347664","10.0262887092871","10.0262887092871","","",
"Kazakhstan","KAZ","Terrestrial and marine protected areas (% of total territorial area)","ER.PTD.TOTL.ZS","","","","","","","","","","","","","","","","","","","","","","","","","","","","","","","","","","","","","","","","","","","","","","","","","","","","","","","","","3.18942507887438","3.21716402649566","3.21716402649566","","",
"Kenya","KEN","Terrestrial and marine protected areas (% of total territorial area)","ER.PTD.TOTL.ZS","","","","","","","","","","","","","","","","","","","","","","","","","","","","","","","","","","","","","","","","","","","","","","","","","","","","","","","","","10.5050213796236","10.5050828924669","10.5050828924669","","",
"Kyrgyz Republic","KGZ","Terrestrial and marine protected areas (% of total territorial area)","ER.PTD.TOTL.ZS","","","","","","","","","","","","","","","","","","","","","","","","","","","","","","","","","","","","","","","","","","","","","","","","","","","","","","","","","6.51440059612817","6.7026929831278","6.7026929831278","","",
"Cambodia","KHM","Terrestrial and marine protected areas (% of total territorial area)","ER.PTD.TOTL.ZS","","","","","","","","","","","","","","","","","","","","","","","","","","","","","","","","","","","","","","","","","","","","","","","","","","","","","","","","","20.6492772839727","20.649495414341","20.649495414341","","",
"Kiribati","KIR","Terrestrial and marine protected areas (% of total territorial area)","ER.PTD.TOTL.ZS","","","","","","","","","","","","","","","","","","","","","","","","","","","","","","","","","","","","","","","","","","","","","","","","","","","","","","","","","11.8173045605077","11.8210466833858","11.8210466833858","","",
"St. Kitts and Nevis","KNA","Terrestrial and marine protected areas (% of total territorial area)","ER.PTD.TOTL.ZS","","","","","","","","","","","","","","","","","","","","","","","","","","","","","","","","","","","","","","","","","","","","","","","","","","","","","","","","","0.246826850964049","0.250803474209924","0.250803474209924","","",
"Korea, Rep.","KOR","Terrestrial and marine protected areas (% of total territorial area)","ER.PTD.TOTL.ZS","","","","","","","","","","","","","","","","","","","","","","","","","","","","","","","","","","","","","","","","","","","","","","","","","","","","","","","","","3.88526952835922","3.99024573773508","3.99024573773508","","",
"Kuwait","KWT","Terrestrial and marine protected areas (% of total territorial area)","ER.PTD.TOTL.ZS","","","","","","","","","","","","","","","","","","","","","","","","","","","","","","","","","","","","","","","","","","","","","","","","","","","","","","","","","10.9982704332786","10.9989577458097","10.9989577458097","","",
"Latin America & Caribbean (excluding high income)","LAC","Terrestrial and marine protected areas (% of total territorial area)","ER.PTD.TOTL.ZS","","","","","","","","","","","","","","","","","","","","","","","","","","","","","","","","","","","","","","","","","","","","","","","","","","","","","","","","","15.5669463601417","20.9950973407954","20.9950970547201","","",
"Lao PDR","LAO","Terrestrial and marine protected areas (% of total territorial area)","ER.PTD.TOTL.ZS","","","","","","","","","","","","","","","","","","","","","","","","","","","","","","","","","","","","","","","","","","","","","","","","","","","","","","","","","16.6822252710073","16.6822056274146","16.6822056274146","","",
"Lebanon","LBN","Terrestrial and marine protected areas (% of total territorial area)","ER.PTD.TOTL.ZS","","","","","","","","","","","","","","","","","","","","","","","","","","","","","","","","","","","","","","","","","","","","","","","","","","","","","","","","","1.04234132124352","1.04272663197996","1.04272663197996","","",
"Liberia","LBR","Terrestrial and marine protected areas (% of total territorial area)","ER.PTD.TOTL.ZS","","","","","","","","","","","","","","","","","","","","","","","","","","","","","","","","","","","","","","","","","","","","","","","","","","","","","","","","","0.773224088935579","1.21108630778072","1.21108630778072","","",
"Libya","LBY","Terrestrial and marine protected areas (% of total territorial area)","ER.PTD.TOTL.ZS","","","","","","","","","","","","","","","","","","","","","","","","","","","","","","","","","","","","","","","","","","","","","","","","","","","","","","","","","0.288612427087619","0.28857344034883","0.28857344034883","","",
"St. Lucia","LCA","Terrestrial and marine protected areas (% of total territorial area)","ER.PTD.TOTL.ZS","","","","","","","","","","","","","","","","","","","","","","","","","","","","","","","","","","","","","","","","","","","","","","","","","","","","","","","","","0.93310098500859","0.931020062296175","0.931020062296175","","",
"Latin America & Caribbean","LCN","Terrestrial and marine protected areas (% of total territorial area)","ER.PTD.TOTL.ZS","","","","","","","","","","","","","","","","","","","","","","","","","","","","","","","","","","","","","","","","","","","","","","","","","","","","","","","","","16.3108412499987","21.7431481408484","21.7431478444305","","",
"Least developed countries: UN classification","LDC","Terrestrial and marine protected areas (% of total territorial area)","ER.PTD.TOTL.ZS","","","","","","","","","","","","","","","","","","","","","","","","","","","","","","","","","","","","","","","","","","","","","","","","","","","","","","","","","12.2297609068855","12.7852900464242","12.7854443058993","","",
"Low income","LIC","Terrestrial and marine protected areas (% of total territorial area)","ER.PTD.TOTL.ZS","","","","","","","","","","","","","","","","","","","","","","","","","","","","","","","","","","","","","","","","","","","","","","","","","","","","","","","","","10.9283059095514","11.656134791362","11.6561373216083","","",
"Liechtenstein","LIE","Terrestrial and marine protected areas (% of total territorial area)","ER.PTD.TOTL.ZS","","","","","","","","","","","","","","","","","","","","","","","","","","","","","","","","","","","","","","","","","","","","","","","","","","","","","","","","","42.4895272292041","11.9351041815516","11.9351041815516","","",
"Sri Lanka","LKA","Terrestrial and marine protected areas (% of total territorial area)","ER.PTD.TOTL.ZS","","","","","","","","","","","","","","","","","","","","","","","","","","","","","","","","","","","","","","","","","","","","","","","","","","","","","","","","","3.37879848480939","3.37864252327298","3.37864252327298","","",
"Lower middle income","LMC","Terrestrial and marine protected areas (% of total territorial area)","ER.PTD.TOTL.ZS","","","","","","","","","","","","","","","","","","","","","","","","","","","","","","","","","","","","","","","","","","","","","","","","","","","","","","","","","11.1925552970125","11.2102261031441","11.2103084956624","","",
"Low & middle income","LMY","Terrestrial and marine protected areas (% of total territorial area)","ER.PTD.TOTL.ZS","","","","","","","","","","","","","","","","","","","","","","","","","","","","","","","","","","","","","","","","","","","","","","","","","","","","","","","","","11.249418483345","12.2921370196431","12.2921643210955","","",
"Lesotho","LSO","Terrestrial and marine protected areas (% of total territorial area)","ER.PTD.TOTL.ZS","","","","","","","","","","","","","","","","","","","","","","","","","","","","","","","","","","","","","","","","","","","","","","","","","","","","","","","","","0.259058862108542","0.261388681242792","0.261388681242792","","",
"Late-demographic dividend","LTE","Terrestrial and marine protected areas (% of total territorial area)","ER.PTD.TOTL.ZS","","","","","","","","","","","","","","","","","","","","","","","","","","","","","","","","","","","","","","","","","","","","","","","","","","","","","","","","","12.3863377391688","13.979505917179","13.9795115066325","","",
"Lithuania","LTU","Terrestrial and marine protected areas (% of total territorial area)","ER.PTD.TOTL.ZS","","","","","","","","","","","","","","","","","","","","","","","","","","","","","","","","","","","","","","","","","","","","","","","","","","","","","","","","","17.33919590185","17.7642086947157","17.7642086947157","","",
"Luxembourg","LUX","Terrestrial and marine protected areas (% of total territorial area)","ER.PTD.TOTL.ZS","","","","","","","","","","","","","","","","","","","","","","","","","","","","","","","","","","","","","","","","","","","","","","","","","","","","","","","","","32.2692174714763","40.8727413785501","40.8727413785501","","",
"Latvia","LVA","Terrestrial and marine protected areas (% of total territorial area)","ER.PTD.TOTL.ZS","","","","","","","","","","","","","","","","","","","","","","","","","","","","","","","","","","","","","","","","","","","","","","","","","","","","","","","","","17.5098922163384","17.5110476673142","17.5110476673142","","",
"Macao SAR, China","MAC","Terrestrial and marine protected areas (% of total territorial area)","ER.PTD.TOTL.ZS","","","","","","","","","","","","","","","","","","","","","","","","","","","","","","","","","","","","","","","","","","","","","","","","","","","","","","","","","","","","","",
"St. Martin (French part)","MAF","Terrestrial and marine protected areas (% of total territorial area)","ER.PTD.TOTL.ZS","","","","","","","","","","","","","","","","","","","","","","","","","","","","","","","","","","","","","","","","","","","","","","","","","","","","","","","","","92.3513250022157","91.9870071870023","91.9870071870023","","",
"Morocco","MAR","Terrestrial and marine protected areas (% of total territorial area)","ER.PTD.TOTL.ZS","","","","","","","","","","","","","","","","","","","","","","","","","","","","","","","","","","","","","","","","","","","","","","","","","","","","","","","","","18.5463660614773","18.446888209998","18.446888209998","","",
"Monaco","MCO","Terrestrial and marine protected areas (% of total territorial area)","ER.PTD.TOTL.ZS","","","","","","","","","","","","","","","","","","","","","","","","","","","","","","","","","","","","","","","","","","","","","","","","","","","","","","","","","99.7200839748076","99.459571201349","99.459571201349","","",
"Moldova","MDA","Terrestrial and marine protected areas (% of total territorial area)","ER.PTD.TOTL.ZS","","","","","","","","","","","","","","","","","","","","","","","","","","","","","","","","","","","","","","","","","","","","","","","","","","","","","","","","","4.15147892756405","4.1505345485515","4.1505345485515","","",
"Madagascar","MDG","Terrestrial and marine protected areas (% of total territorial area)","ER.PTD.TOTL.ZS","","","","","","","","","","","","","","","","","","","","","","","","","","","","","","","","","","","","","","","","","","","","","","","","","","","","","","","","","1.97284875372353","2.34594786584438","2.34594786584438","","",
"Maldives","MDV","Terrestrial and marine protected areas (% of total territorial area)","ER.PTD.TOTL.ZS","","","","","","","","","","","","","","","","","","","","","","","","","","","","","","","","","","","","","","","","","","","","","","","","","","","","","","","","","0.0490018209813872","0.0518873782696889","0.0518873782696889","","",
"Middle East & North Africa","MEA","Terrestrial and marine protected areas (% of total territorial area)","ER.PTD.TOTL.ZS","","","","","","","","","","","","","","","","","","","","","","","","","","","","","","","","","","","","","","","","","","","","","","","","","","","","","","","","","5.5481590257174","5.69039845136894","5.69039845136894","","",
"Mexico","MEX","Terrestrial and marine protected areas (% of total territorial area)","ER.PTD.TOTL.ZS","","","","","","","","","","","","","","","","","","","","","","","","","","","","","","","","","","","","","","","","","","","","","","","","","","","","","","","","","6.75214757032193","19.0562399200344","19.0562399200344","","",
"Marshall Islands","MHL","Terrestrial and marine protected areas (% of total territorial area)","ER.PTD.TOTL.ZS","","","","","","","","","","","","","","","","","","","","","","","","","","","","","","","","","","","","","","","","","","","","","","","","","","","","","","","","","0.270441582922218","0.270441119827786","0.270441119827786","","",
"Middle income","MIC","Terrestrial and marine protected areas (% of total territorial area)","ER.PTD.TOTL.ZS","","","","","","","","","","","","","","","","","","","","","","","","","","","","","","","","","","","","","","","","","","","","","","","","","","","","","","","","","11.3095941556617","12.4063283434876","12.4063606198963","","",
"North Macedonia","MKD","Terrestrial and marine protected areas (% of total territorial area)","ER.PTD.TOTL.ZS","","","","","","","","","","","","","","","","","","","","","","","","","","","","","","","","","","","","","","","","","","","","","","","","","","","","","","","","","9.65291179140907","9.65406515792626","9.65406515792626","","",
"Mali","MLI","Terrestrial and marine protected areas (% of total territorial area)","ER.PTD.TOTL.ZS","","","","","","","","","","","","","","","","","","","","","","","","","","","","","","","","","","","","","","","","","","","","","","","","","","","","","","","","","8.2315834186173","8.2316100550726","8.2316100550726","","",
"Malta","MLT","Terrestrial and marine protected areas (% of total territorial area)","ER.PTD.TOTL.ZS","","","","","","","","","","","","","","","","","","","","","","","","","","","","","","","","","","","","","","","","","","","","","","","","","","","","","","","","","6.36539055401746","6.40936429280157","6.40936429280157","","",
"Myanmar","MMR","Terrestrial and marine protected areas (% of total territorial area)","ER.PTD.TOTL.ZS","","","","","","","","","","","","","","","","","","","","","","","","","","","","","","","","","","","","","","","","","","","","","","","","","","","","","","","","","4.08911261867793","4.61941895301145","4.61941895301145","","",
"Middle East & North Africa (excluding high income)","MNA","Terrestrial and marine protected areas (% of total territorial area)","ER.PTD.TOTL.ZS","","","","","","","","","","","","","","","","","","","","","","","","","","","","","","","","","","","","","","","","","","","","","","","","","","","","","","","","","6.02388459952074","6.01846418474589","6.01846418474589","","",
"Montenegro","MNE","Terrestrial and marine protected areas (% of total territorial area)","ER.PTD.TOTL.ZS","","","","","","","","","","","","","","","","","","","","","","","","","","","","","","","","","","","","","","","","","","","","","","","","","","","","","","","","","2.63765558413277","4.16037736573469","4.16037736573469","","",
"Mongolia","MNG","Terrestrial and marine protected areas (% of total territorial area)","ER.PTD.TOTL.ZS","","","","","","","","","","","","","","","","","","","","","","","","","","","","","","","","","","","","","","","","","","","","","","","","","","","","","","","","","17.4032333072051","17.7138825654778","17.7138825654778","","",
"Northern Mariana Islands","MNP","Terrestrial and marine protected areas (% of total territorial area)","ER.PTD.TOTL.ZS","","","","","","","","","","","","","","","","","","","","","","","","","","","","","","","","","","","","","","","","","","","","","","","","","","","","","","","","","33.2114779574643","33.234124272071","33.234124272071","","",
"Mozambique","MOZ","Terrestrial and marine protected areas (% of total territorial area)","ER.PTD.TOTL.ZS","","","","","","","","","","","","","","","","","","","","","","","","","","","","","","","","","","","","","","","","","","","","","","","","","","","","","","","","","13.4487105924863","13.4487158907383","13.4487158907383","","",
"Mauritania","MRT","Terrestrial and marine protected areas (% of total territorial area)","ER.PTD.TOTL.ZS","","","","","","","","","","","","","","","","","","","","","","","","","","","","","","","","","","","","","","","","","","","","","","","","","","","","","","","","","1.08074808124804","1.08070301487219","1.08070301487219","","",
"Mauritius","MUS","Terrestrial and marine protected areas (% of total territorial area)","ER.PTD.TOTL.ZS","","","","","","","","","","","","","","","","","","","","","","","","","","","","","","","","","","","","","","","","","","","","","","","","","","","","","","","","","0.0115432840393507","0.0114734196747547","0.0114734196747547","","",
"Malawi","MWI","Terrestrial and marine protected areas (% of total territorial area)","ER.PTD.TOTL.ZS","","","","","","","","","","","","","","","","","","","","","","","","","","","","","","","","","","","","","","","","","","","","","","","","","","","","","","","","","16.8938673074221","22.8760477102777","22.8760477102777","","",
"Malaysia","MYS","Terrestrial and marine protected areas (% of total territorial area)","ER.PTD.TOTL.ZS","","","","","","","","","","","","","","","","","","","","","","","","","","","","","","","","","","","","","","","","","","","","","","","","","","","","","","","","","8.91348575727549","8.98554474171629","8.98554474171629","","",
"North America","NAC","Terrestrial and marine protected areas (% of total territorial area)","ER.PTD.TOTL.ZS","","","","","","","","","","","","","","","","","","","","","","","","","","","","","","","","","","","","","","","","","","","","","","","","","","","","","","","","","16.3738146943718","16.3747839940427","16.3747839940427","","",
"Namibia","NAM","Terrestrial and marine protected areas (% of total territorial area)","ER.PTD.TOTL.ZS","","","","","","","","","","","","","","","","","","","","","","","","","","","","","","","","","","","","","","","","","","","","","","","","","","","","","","","","","23.2471318730565","23.2471700646525","23.2471700646525","","",
"New Caledonia","NCL","Terrestrial and marine protected areas (% of total territorial area)","ER.PTD.TOTL.ZS","","","","","","","","","","","","","","","","","","","","","","","","","","","","","","","","","","","","","","","","","","","","","","","","","","","","","","","","","95.7641579007986","96.0127624537845","96.0127624537845","","",
"Niger","NER","Terrestrial and marine protected areas (% of total territorial area)","ER.PTD.TOTL.ZS","","","","","","","","","","","","","","","","","","","","","","","","","","","","","","","","","","","","","","","","","","","","","","","","","","","","","","","","","17.3171351250111","17.3170925189084","17.3170925189084","","",
"Nigeria","NGA","Terrestrial and marine protected areas (% of total territorial area)","ER.PTD.TOTL.ZS","","","","","","","","","","","","","","","","","","","","","","","","","","","","","","","","","","","","","","","","","","","","","","","","","","","","","","","","","11.6107349579734","11.6106996068528","11.6106996068528","","",
"Nicaragua","NIC","Terrestrial and marine protected areas (% of total territorial area)","ER.PTD.TOTL.ZS","","","","","","","","","","","","","","","","","","","","","","","","","","","","","","","","","","","","","","","","","","","","","","","","","","","","","","","","","15.4797788522118","15.507104242217","15.507104242217","","",
"Netherlands","NLD","Terrestrial and marine protected areas (% of total territorial area)","ER.PTD.TOTL.ZS","","","","","","","","","","","","","","","","","","","","","","","","","","","","","","","","","","","","","","","","","","","","","","","","","","","","","","","","","17.8924581483262","21.2099164976154","21.2099164976154","","",
"Norway","NOR","Terrestrial and marine protected areas (% of total territorial area)","ER.PTD.TOTL.ZS","","","","","","","","","","","","","","","","","","","","","","","","","","","","","","","","","","","","","","","","","","","","","","","","","","","","","","","","","4.96242625971203","5.06077998767431","5.06077998767431","","",
"Nepal","NPL","Terrestrial and marine protected areas (% of total territorial area)","ER.PTD.TOTL.ZS","","","","","","","","","","","","","","","","","","","","","","","","","","","","","","","","","","","","","","","","","","","","","","","","","","","","","","","","","23.6261039405048","23.6260419833246","23.6260419833246","","",
"Nauru","NRU","Terrestrial and marine protected areas (% of total territorial area)","ER.PTD.TOTL.ZS","","","","","","","","","","","","","","","","","","","","","","","","","","","","","","","","","","","","","","","","","","","","","","","","","","","","","","","","","","","","","",
"New Zealand","NZL","Terrestrial and marine protected areas (% of total territorial area)","ER.PTD.TOTL.ZS","","","","","","","","","","","","","","","","","","","","","","","","","","","","","","","","","","","","","","","","","","","","","","","","","","","","","","","","","30.4786887810956","30.5050632239854","30.5050632239854","","",
"OECD members","OED","Terrestrial and marine protected areas (% of total territorial area)","ER.PTD.TOTL.ZS","","","","","","","","","","","","","","","","","","","","","","","","","","","","","","","","","","","","","","","","","","","","","","","","","","","","","","","","","17.9706129040809","19.586902232943","19.5867766519413","","",
"Oman","OMN","Terrestrial and marine protected areas (% of total territorial area)","ER.PTD.TOTL.ZS","","","","","","","","","","","","","","","","","","","","","","","","","","","","","","","","","","","","","","","","","","","","","","","","","","","","","","","","","1.0183041615309","1.01831171985263","1.01831171985263","","",
"Other small states","OSS","Terrestrial and marine protected areas (% of total territorial area)","ER.PTD.TOTL.ZS","","","","","","","","","","","","","","","","","","","","","","","","","","","","","","","","","","","","","","","","","","","","","","","","","","","","","","","","","20.7991476992757","22.5167140344468","22.5166748910437","","",
"Pakistan","PAK","Terrestrial and marine protected areas (% of total territorial area)","ER.PTD.TOTL.ZS","","","","","","","","","","","","","","","","","","","","","","","","","","","","","","","","","","","","","","","","","","","","","","","","","","","","","","","","","9.7949078821214","9.7949542203294","9.7949542203294","","",
"Panama","PAN","Terrestrial and marine protected areas (% of total territorial area)","ER.PTD.TOTL.ZS","","","","","","","","","","","","","","","","","","","","","","","","","","","","","","","","","","","","","","","","","","","","","","","","","","","","","","","","","5.23495043629487","5.23498101828947","5.23498101828947","","",
"Peru","PER","Terrestrial and marine protected areas (% of total territorial area)","ER.PTD.TOTL.ZS","","","","","","","","","","","","","","","","","","","","","","","","","","","","","","","","","","","","","","","","","","","","","","","","","","","","","","","","","13.1137339130108","13.1411661261544","13.1411661261544","","",
"Philippines","PHL","Terrestrial and marine protected areas (% of total territorial area)","ER.PTD.TOTL.ZS","","","","","","","","","","","","","","","","","","","","","","","","","","","","","","","","","","","","","","","","","","","","","","","","","","","","","","","","","3.14138638190187","3.14140839390029","3.14140839390029","","",
"Palau","PLW","Terrestrial and marine protected areas (% of total territorial area)","ER.PTD.TOTL.ZS","","","","","","","","","","","","","","","","","","","","","","","","","","","","","","","","","","","","","","","","","","","","","","","","","","","","","","","","","82.9399513943563","82.9423566073058","82.9423566073058","","",
"Papua New Guinea","PNG","Terrestrial and marine protected areas (% of total territorial area)","ER.PTD.TOTL.ZS","","","","","","","","","","","","","","","","","","","","","","","","","","","","","","","","","","","","","","","","","","","","","","","","","","","","","","","","","0.657996414830911","0.657989653388862","0.657989653388862","","",
"Poland","POL","Terrestrial and marine protected areas (% of total territorial area)","ER.PTD.TOTL.ZS","","","","","","","","","","","","","","","","","","","","","","","","","","","","","","","","","","","","","","","","","","","","","","","","","","","","","","","","","38.0371484381702","38.0635379967455","38.0635379967455","","",
"Pre-demographic dividend","PRE","Terrestrial and marine protected areas (% of total territorial area)","ER.PTD.TOTL.ZS","","","","","","","","","","","","","","","","","","","","","","","","","","","","","","","","","","","","","","","","","","","","","","","","","","","","","","","","","12.3933308090057","12.9420222766387","12.942023001004","","",
"Puerto Rico","PRI","Terrestrial and marine protected areas (% of total territorial area)","ER.PTD.TOTL.ZS","","","","","","","","","","","","","","","","","","","","","","","","","","","","","","","","","","","","","","","","","","","","","","","","","","","","","","","","","2.02425214978926","2.01677151753314","2.01677151753314","","",
"Korea, Dem. People's Rep.","PRK","Terrestrial and marine protected areas (% of total territorial area)","ER.PTD.TOTL.ZS","","","","","","","","","","","","","","","","","","","","","","","","","","","","","","","","","","","","","","","","","","","","","","","","","","","","","","","","","1.26053207722418","1.26022344438817","1.26022344438817","","",
"Portugal","PRT","Terrestrial and marine protected areas (% of total territorial area)","ER.PTD.TOTL.ZS","","","","","","","","","","","","","","","","","","","","","","","","","","","","","","","","","","","","","","","","","","","","","","","","","","","","","","","","","9.09757449950512","16.8854244048969","16.8854244048969","","",
"Paraguay","PRY","Terrestrial and marine protected areas (% of total territorial area)","ER.PTD.TOTL.ZS","","","","","","","","","","","","","","","","","","","","","","","","","","","","","","","","","","","","","","","","","","","","","","","","","","","","","","","","","6.5103621832615","14.3147360800329","14.3147360800329","","",
"West Bank and Gaza","PSE","Terrestrial and marine protected areas (% of total territorial area)","ER.PTD.TOTL.ZS","","","","","","","","","","","","","","","","","","","","","","","","","","","","","","","","","","","","","","","","","","","","","","","","","","","","","","","","","","","","","",
"Pacific island small states","PSS","Terrestrial and marine protected areas (% of total territorial area)","ER.PTD.TOTL.ZS","","","","","","","","","","","","","","","","","","","","","","","","","","","","","","","","","","","","","","","","","","","","","","","","","","","","","","","","","1.12474026939251","1.12553992030716","1.12553992030716","","",
"Post-demographic dividend","PST","Terrestrial and marine protected areas (% of total territorial area)","ER.PTD.TOTL.ZS","","","","","","","","","","","","","","","","","","","","","","","","","","","","","","","","","","","","","","","","","","","","","","","","","","","","","","","","","19.0063571257344","19.5846071012386","19.5844600808896","","",
"French Polynesia","PYF","Terrestrial and marine protected areas (% of total territorial area)","ER.PTD.TOTL.ZS","","","","","","","","","","","","","","","","","","","","","","","","","","","","","","","","","","","","","","","","","","","","","","","","","","","","","","","","","0.00585508371915418","0.00585039711480982","0.00585039711480982","","",
"Qatar","QAT","Terrestrial and marine protected areas (% of total territorial area)","ER.PTD.TOTL.ZS","","","","","","","","","","","","","","","","","","","","","","","","","","","","","","","","","","","","","","","","","","","","","","","","","","","","","","","","","0.778383955157715","4.72319541989257","4.72319541989257","","",
"Romania","ROU","Terrestrial and marine protected areas (% of total territorial area)","ER.PTD.TOTL.ZS","","","","","","","","","","","","","","","","","","","","","","","","","","","","","","","","","","","","","","","","","","","","","","","","","","","","","","","","","22.5799678343345","24.3099366537139","24.3099366537139","","",
"Russian Federation","RUS","Terrestrial and marine protected areas (% of total territorial area)","ER.PTD.TOTL.ZS","","","","","","","","","","","","","","","","","","","","","","","","","","","","","","","","","","","","","","","","","","","","","","","","","","","","","","","","","7.61117652631545","7.61624908474412","7.61624908474412","","",
"Rwanda","RWA","Terrestrial and marine protected areas (% of total territorial area)","ER.PTD.TOTL.ZS","","","","","","","","","","","","","","","","","","","","","","","","","","","","","","","","","","","","","","","","","","","","","","","","","","","","","","","","","9.11516142086508","9.11408907313889","9.11408907313889","","",
"South Asia","SAS","Terrestrial and marine protected areas (% of total territorial area)","ER.PTD.TOTL.ZS","","","","","","","","","","","","","","","","","","","","","","","","","","","","","","","","","","","","","","","","","","","","","","","","","","","","","","","","","4.97871526830455","4.97871657482028","4.97869019667641","","",
"Saudi Arabia","SAU","Terrestrial and marine protected areas (% of total territorial area)","ER.PTD.TOTL.ZS","","","","","","","","","","","","","","","","","","","","","","","","","","","","","","","","","","","","","","","","","","","","","","","","","","","","","","","","","4.04094603755622","4.52837236301312","4.52837236301312","","",
"Sudan","SDN","Terrestrial and marine protected areas (% of total territorial area)","ER.PTD.TOTL.ZS","","","","","","","","","","","","","","","","","","","","","","","","","","","","","","","","","","","","","","","","","","","","","","","","","","","","","","","","","2.75330083929237","2.75327389762586","2.75327389762586","","",
"Senegal","SEN","Terrestrial and marine protected areas (% of total territorial area)","ER.PTD.TOTL.ZS","","","","","","","","","","","","","","","","","","","","","","","","","","","","","","","","","","","","","","","","","","","","","","","","","","","","","","","","","14.4899514635033","14.5770722670553","14.5770722670553","","",
"Singapore","SGP","Terrestrial and marine protected areas (% of total territorial area)","ER.PTD.TOTL.ZS","","","","","","","","","","","","","","","","","","","","","","","","","","","","","","","","","","","","","","","","","","","","","","","","","","","","","","","","","2.48665252687779","2.46306282917716","2.46306282917716","","",
"Solomon Islands","SLB","Terrestrial and marine protected areas (% of total territorial area)","ER.PTD.TOTL.ZS","","","","","","","","","","","","","","","","","","","","","","","","","","","","","","","","","","","","","","","","","","","","","","","","","","","","","","","","","0.15528252541981","0.155319976394379","0.155319976394379","","",
"Sierra Leone","SLE","Terrestrial and marine protected areas (% of total territorial area)","ER.PTD.TOTL.ZS","","","","","","","","","","","","","","","","","","","","","","","","","","","","","","","","","","","","","","","","","","","","","","","","","","","","","","","","","3.29728394383981","3.2969497958773","3.2969497958773","","",
"El Salvador","SLV","Terrestrial and marine protected areas (% of total territorial area)","ER.PTD.TOTL.ZS","","","","","","","","","","","","","","","","","","","","","","","","","","","","","","","","","","","","","","","","","","","","","","","","","","","","","","","","","2.15222717624485","2.15167925790249","2.15167925790249","","",
"San Marino","SMR","Terrestrial and marine protected areas (% of total territorial area)","ER.PTD.TOTL.ZS","","","","","","","","","","","","","","","","","","","","","","","","","","","","","","","","","","","","","","","","","","","","","","","","","","","","","","","","","","","","","",
"Somalia","SOM","Terrestrial and marine protected areas (% of total territorial area)","ER.PTD.TOTL.ZS","","","","","","","","","","","","","","","","","","","","","","","","","","","","","","","","","","","","","","","","","","","","","","","","","","","","","","","","","0.827283619408155","","","","",
"Serbia","SRB","Terrestrial and marine protected areas (% of total territorial area)","ER.PTD.TOTL.ZS","","","","","","","","","","","","","","","","","","","","","","","","","","","","","","","","","","","","","","","","","","","","","","","","","","","","","","","","","6.14965014896773","6.61310734024646","6.61310734024646","","",
"Sub-Saharan Africa (excluding high income)","SSA","Terrestrial and marine protected areas (% of total territorial area)","ER.PTD.TOTL.ZS","","","","","","","","","","","","","","","","","","","","","","","","","","","","","","","","","","","","","","","","","","","","","","","","","","","","","","","","","14.1687339253422","14.6880729351897","14.6880742723663","","",
"South Sudan","SSD","Terrestrial and marine protected areas (% of total territorial area)","ER.PTD.TOTL.ZS","","","","","","","","","","","","","","","","","","","","","","","","","","","","","","","","","","","","","","","","","","","","","","","","","","","","","","","","","15.5015818826495","15.5015012515745","15.5015012515745","","",
"Sub-Saharan Africa","SSF","Terrestrial and marine protected areas (% of total territorial area)","ER.PTD.TOTL.ZS","","","","","","","","","","","","","","","","","","","","","","","","","","","","","","","","","","","","","","","","","","","","","","","","","","","","","","","","","14.1684665446427","14.6877882438289","14.6877895810006","","",
"Small states","SST","Terrestrial and marine protected areas (% of total territorial area)","ER.PTD.TOTL.ZS","","","","","","","","","","","","","","","","","","","","","","","","","","","","","","","","","","","","","","","","","","","","","","","","","","","","","","","","","17.9692458417938","19.3924418751444","19.3924042689434","","",
"Sao Tome and Principe","STP","Terrestrial and marine protected areas (% of total territorial area)","ER.PTD.TOTL.ZS","","","","","","","","","","","","","","","","","","","","","","","","","","","","","","","","","","","","","","","","","","","","","","","","","","","","","","","","","0.244162518792601","0.244688365296076","0.244688365296076","","",
"Suriname","SUR","Terrestrial and marine protected areas (% of total territorial area)","ER.PTD.TOTL.ZS","","","","","","","","","","","","","","","","","","","","","","","","","","","","","","","","","","","","","","","","","","","","","","","","","","","","","","","","","8.48321297296984","8.48307368434299","8.48307368434299","","",
"Slovak Republic","SVK","Terrestrial and marine protected areas (% of total territorial area)","ER.PTD.TOTL.ZS","","","","","","","","","","","","","","","","","","","","","","","","","","","","","","","","","","","","","","","","","","","","","","","","","","","","","","","","","37.283515729079","37.6304133373472","37.6304133373472","","",
"Slovenia","SVN","Terrestrial and marine protected areas (% of total territorial area)","ER.PTD.TOTL.ZS","","","","","","","","","","","","","","","","","","","","","","","","","","","","","","","","","","","","","","","","","","","","","","","","","","","","","","","","","55.0920233425064","55.0732581875932","55.0732581875932","","",
"Sweden","SWE","Terrestrial and marine protected areas (% of total territorial area)","ER.PTD.TOTL.ZS","","","","","","","","","","","","","","","","","","","","","","","","","","","","","","","","","","","","","","","","","","","","","","","","","","","","","","","","","12.8652828471003","14.9669469297684","14.9669469297684","","",
"Eswatini","SWZ","Terrestrial and marine protected areas (% of total territorial area)","ER.PTD.TOTL.ZS","","","","","","","","","","","","","","","","","","","","","","","","","","","","","","","","","","","","","","","","","","","","","","","","","","","","","","","","","4.095547390098","4.23300820628733","4.23300820628733","","",
"Sint Maarten (Dutch part)","SXM","Terrestrial and marine protected areas (% of total territorial area)","ER.PTD.TOTL.ZS","","","","","","","","","","","","","","","","","","","","","","","","","","","","","","","","","","","","","","","","","","","","","","","","","","","","","","","","","5.0561797752809","8.09845074272912","8.09845074272912","","",
"Seychelles","SYC","Terrestrial and marine protected areas (% of total territorial area)","ER.PTD.TOTL.ZS","","","","","","","","","","","","","","","","","","","","","","","","","","","","","","","","","","","","","","","","","","","","","","","","","","","","","","","","","0.0513670647204141","0.0513686681320179","0.0513686681320179","","",
"Syrian Arab Republic","SYR","Terrestrial and marine protected areas (% of total territorial area)","ER.PTD.TOTL.ZS","","","","","","","","","","","","","","","","","","","","","","","","","","","","","","","","","","","","","","","","","","","","","","","","","","","","","","","","","0.66292384624593","0.662806451357412","0.662806451357412","","",
"Turks and Caicos Islands","TCA","Terrestrial and marine protected areas (% of total territorial area)","ER.PTD.TOTL.ZS","","","","","","","","","","","","","","","","","","","","","","","","","","","","","","","","","","","","","","","","","","","","","","","","","","","","","","","","","0.387735700796855","0.387451664312368","0.387451664312368","","",
"Chad","TCD","Terrestrial and marine protected areas (% of total territorial area)","ER.PTD.TOTL.ZS","","","","","","","","","","","","","","","","","","","","","","","","","","","","","","","","","","","","","","","","","","","","","","","","","","","","","","","","","20.3544453722663","20.3544358034532","20.3544358034532","","",
"East Asia & Pacific (IDA & IBRD countries)","TEA","Terrestrial and marine protected areas (% of total territorial area)","ER.PTD.TOTL.ZS","","","","","","","","","","","","","","","","","","","","","","","","","","","","","","","","","","","","","","","","","","","","","","","","","","","","","","","","","13.1010849530388","12.3760474214105","12.3760291847526","","",
"Europe & Central Asia (IDA & IBRD countries)","TEC","Terrestrial and marine protected areas (% of total territorial area)","ER.PTD.TOTL.ZS","","","","","","","","","","","","","","","","","","","","","","","","","","","","","","","","","","","","","","","","","","","","","","","","","","","","","","","","","7.38575120451319","7.41411435212516","7.41412515764215","","",
"Togo","TGO","Terrestrial and marine protected areas (% of total territorial area)","ER.PTD.TOTL.ZS","","","","","","","","","","","","","","","","","","","","","","","","","","","","","","","","","","","","","","","","","","","","","","","","","","","","","","","","","21.7913330548002","21.7910925889806","21.7910925889806","","",
"Thailand","THA","Terrestrial and marine protected areas (% of total territorial area)","ER.PTD.TOTL.ZS","","","","","","","","","","","","","","","","","","","","","","","","","","","","","","","","","","","","","","","","","","","","","","","","","","","","","","","","","12.5097447231165","12.5097581187036","12.5097581187036","","",
"Tajikistan","TJK","Terrestrial and marine protected areas (% of total territorial area)","ER.PTD.TOTL.ZS","","","","","","","","","","","","","","","","","","","","","","","","","","","","","","","","","","","","","","","","","","","","","","","","","","","","","","","","","22.278588511869","22.2786610881726","22.2786610881726","","",
"Turkmenistan","TKM","Terrestrial and marine protected areas (% of total territorial area)","ER.PTD.TOTL.ZS","","","","","","","","","","","","","","","","","","","","","","","","","","","","","","","","","","","","","","","","","","","","","","","","","","","","","","","","","3.21223105882721","3.21223845567095","3.21223845567095","","",
"Latin America & the Caribbean (IDA & IBRD countries)","TLA","Terrestrial and marine protected areas (% of total territorial area)","ER.PTD.TOTL.ZS","","","","","","","","","","","","","","","","","","","","","","","","","","","","","","","","","","","","","","","","","","","","","","","","","","","","","","","","","16.3788278833737","21.8424046184138","21.8424043151249","","",
"Timor-Leste","TLS","Terrestrial and marine protected areas (% of total territorial area)","ER.PTD.TOTL.ZS","","","","","","","","","","","","","","","","","","","","","","","","","","","","","","","","","","","","","","","","","","","","","","","","","","","","","","","","","4.42200884053989","4.42304453978833","4.42304453978833","","",
"Middle East & North Africa (IDA & IBRD countries)","TMN","Terrestrial and marine protected areas (% of total territorial area)","ER.PTD.TOTL.ZS","","","","","","","","","","","","","","","","","","","","","","","","","","","","","","","","","","","","","","","","","","","","","","","","","","","","","","","","","6.02388459952074","6.01846418474589","6.01846418474589","","",
"Tonga","TON","Terrestrial and marine protected areas (% of total territorial area)","ER.PTD.TOTL.ZS","","","","","","","","","","","","","","","","","","","","","","","","","","","","","","","","","","","","","","","","","","","","","","","","","","","","","","","","","1.52163261595664","1.52165140342354","1.52165140342354","","",
"South Asia (IDA & IBRD)","TSA","Terrestrial and marine protected areas (% of total territorial area)","ER.PTD.TOTL.ZS","","","","","","","","","","","","","","","","","","","","","","","","","","","","","","","","","","","","","","","","","","","","","","","","","","","","","","","","","4.97871526830455","4.97871657482028","4.97869019667641","","",
"Sub-Saharan Africa (IDA & IBRD countries)","TSS","Terrestrial and marine protected areas (% of total territorial area)","ER.PTD.TOTL.ZS","","","","","","","","","","","","","","","","","","","","","","","","","","","","","","","","","","","","","","","","","","","","","","","","","","","","","","","","","14.1684665446427","14.6877882438289","14.6877895810005","","",
"Trinidad and Tobago","TTO","Terrestrial and marine protected areas (% of total territorial area)","ER.PTD.TOTL.ZS","","","","","","","","","","","","","","","","","","","","","","","","","","","","","","","","","","","","","","","","","","","","","","","","","","","","","","","","","2.01452631474999","2.01442316051301","2.01442316051301","","",
"Tunisia","TUN","Terrestrial and marine protected areas (% of total territorial area)","ER.PTD.TOTL.ZS","","","","","","","","","","","","","","","","","","","","","","","","","","","","","","","","","","","","","","","","","","","","","","","","","","","","","","","","","5.20860952560716","5.20859939962545","5.20859939962545","","",
"Turkey","TUR","Terrestrial and marine protected areas (% of total territorial area)","ER.PTD.TOTL.ZS","","","","","","","","","","","","","","","","","","","","","","","","","","","","","","","","","","","","","","","","","","","","","","","","","","","","","","","","","0.190624822703985","0.190652366562585","0.190652366562585","","",
"Tuvalu","TUV","Terrestrial and marine protected areas (% of total territorial area)","ER.PTD.TOTL.ZS","","","","","","","","","","","","","","","","","","","","","","","","","","","","","","","","","","","","","","","","","","","","","","","","","","","","","","","","","0.00860724172331735","0.00859404213623363","0.00859404213623363","","",
"Tanzania","TZA","Terrestrial and marine protected areas (% of total territorial area)","ER.PTD.TOTL.ZS","","","","","","","","","","","","","","","","","","","","","","","","","","","","","","","","","","","","","","","","","","","","","","","","","","","","","","","","","30.8434525614166","30.9703296098506","30.9703296098506","","",
"Uganda","UGA","Terrestrial and marine protected areas (% of total territorial area)","ER.PTD.TOTL.ZS","","","","","","","","","","","","","","","","","","","","","","","","","","","","","","","","","","","","","","","","","","","","","","","","","","","","","","","","","16.0640835978875","16.0639496289362","16.0639496289362","","",
"Ukraine","UKR","Terrestrial and marine protected areas (% of total territorial area)","ER.PTD.TOTL.ZS","","","","","","","","","","","","","","","","","","","","","","","","","","","","","","","","","","","","","","","","","","","","","","","","","","","","","","","","","3.86287620859695","3.88167902094994","3.88167902094994","","",
"Upper middle income","UMC","Terrestrial and marine protected areas (% of total territorial area)","ER.PTD.TOTL.ZS","","","","","","","","","","","","","","","","","","","","","","","","","","","","","","","","","","","","","","","","","","","","","","","","","","","","","","","","","11.3658644149414","12.9814716784384","12.981471789189","","",
"Uruguay","URY","Terrestrial and marine protected areas (% of total territorial area)","ER.PTD.TOTL.ZS","","","","","","","","","","","","","","","","","","","","","","","","","","","","","","","","","","","","","","","","","","","","","","","","","","","","","","","","","2.32500934184476","2.29507712745326","2.29507712745326","","",
"United States","USA","Terrestrial and marine protected areas (% of total territorial area)","ER.PTD.TOTL.ZS","","","","","","","","","","","","","","","","","","","","","","","","","","","","","","","","","","","","","","","","","","","","","","","","","","","","","","","","","26.326199718432","26.328083601169","26.328083601169","","",
"Uzbekistan","UZB","Terrestrial and marine protected areas (% of total territorial area)","ER.PTD.TOTL.ZS","","","","","","","","","","","","","","","","","","","","","","","","","","","","","","","","","","","","","","","","","","","","","","","","","","","","","","","","","3.3750589802659","3.37521371527249","3.37521371527249","","",
"St. Vincent and the Grenadines","VCT","Terrestrial and marine protected areas (% of total territorial area)","ER.PTD.TOTL.ZS","","","","","","","","","","","","","","","","","","","","","","","","","","","","","","","","","","","","","","","","","","","","","","","","","","","","","","","","","0.465862061493792","0.466562636505707","0.466562636505707","","",
"Venezuela, RB","VEN","Terrestrial and marine protected areas (% of total territorial area)","ER.PTD.TOTL.ZS","","","","","","","","","","","","","","","","","","","","","","","","","","","","","","","","","","","","","","","","","","","","","","","","","","","","","","","","","36.9025423875064","36.9025524393404","36.9025524393404","","",
"British Virgin Islands","VGB","Terrestrial and marine protected areas (% of total territorial area)","ER.PTD.TOTL.ZS","","","","","","","","","","","","","","","","","","","","","","","","","","","","","","","","","","","","","","","","","","","","","","","","","","","","","","","","","0.0743447440124602","0.0239265980805522","0.0239265980805522","","",
"Virgin Islands (U.S.)","VIR","Terrestrial and marine protected areas (% of total territorial area)","ER.PTD.TOTL.ZS","","","","","","","","","","","","","","","","","","","","","","","","","","","","","","","","","","","","","","","","","","","","","","","","","","","","","","","","","0.991597515787276","0.983624337365397","0.983624337365397","","",
"Vietnam","VNM","Terrestrial and marine protected areas (% of total territorial area)","ER.PTD.TOTL.ZS","","","","","","","","","","","","","","","","","","","","","","","","","","","","","","","","","","","","","","","","","","","","","","","","","","","","","","","","","2.92944743522906","2.92950692092655","2.92950692092655","","",
"Vanuatu","VUT","Terrestrial and marine protected areas (% of total territorial area)","ER.PTD.TOTL.ZS","","","","","","","","","","","","","","","","","","","","","","","","","","","","","","","","","","","","","","","","","","","","","","","","","","","","","","","","","0.0907589290005189","0.090716740815002","0.090716740815002","","",
"World","WLD","Terrestrial and marine protected areas (% of total territorial area)","ER.PTD.TOTL.ZS","","","","","","","","","","","","","","","","","","","","","","","","","","","","","","","","","","","","","","","","","","","","","","","","","","","","","","","","","13.3485702821239","14.3394318117509","14.3394522714984","","",
"Samoa","WSM","Terrestrial and marine protected areas (% of total territorial area)","ER.PTD.TOTL.ZS","","","","","","","","","","","","","","","","","","","","","","","","","","","","","","","","","","","","","","","","","","","","","","","","","","","","","","","","","0.228551141091498","0.242263364980923","0.242263364980923","","",
"Kosovo","XKX","Terrestrial and marine protected areas (% of total territorial area)","ER.PTD.TOTL.ZS","","","","","","","","","","","","","","","","","","","","","","","","","","","","","","","","","","","","","","","","","","","","","","","","","","","","","","","","","","","","","",
"Yemen, Rep.","YEM","Terrestrial and marine protected areas (% of total territorial area)","ER.PTD.TOTL.ZS","","","","","","","","","","","","","","","","","","","","","","","","","","","","","","","","","","","","","","","","","","","","","","","","","","","","","","","","","0.605805312181478","0.605801443960698","0.605801443960698","","",
"South Africa","ZAF","Terrestrial and marine protected areas (% of total territorial area)","ER.PTD.TOTL.ZS","","","","","","","","","","","","","","","","","","","","","","","","","","","","","","","","","","","","","","","","","","","","","","","","","","","","","","","","","12.9850092764781","10.2606485926041","10.2606485926041","","",
"Zambia","ZMB","Terrestrial and marine protected areas (% of total territorial area)","ER.PTD.TOTL.ZS","","","","","","","","","","","","","","","","","","","","","","","","","","","","","","","","","","","","","","","","","","","","","","","","","","","","","","","","","38.0490508448198","37.8700104508234","37.8700104508234","","",
"Zimbabwe","ZWE","Terrestrial and marine protected areas (% of total territorial area)","ER.PTD.TOTL.ZS","","","","","","","","","","","","","","","","","","","","","","","","","","","","","","","","","","","","","","","","","","","","","","","","","","","","","","","","","27.2145424089062","27.2145851759137","27.2145851759137","","",
